"","regen_pipo","YEAR.DIFF","BALive_pipo","BALiveTot","CMD_1995","MAP_1995","def59_z_13","REBURN","FIRE.SEV"
"1","0",5,4.6,104.89,576.3,680.53,-0.293333292007446,"N",2
"2","0",4,1.1,1.1,543.18,358.37,0.699999998013178,"N",2
"3","0",2,85.84,85.84,559.66,665.56,0.706666648387909,"N",3
"4","0",19,29.32,45.24,619.05,376.63,0.120000014702479,"Y",1
"5","0",8,0,0,586.95,340.91,-0.586666653553645,"N",2
"6","1",18,39.73,53.44,635.63,618.78,0.320000012715658,"N",2
"7","1",11,0,0,498.44,617.2,-0.553333361943563,"Y",3
"8","0",19,18.28,28.68,473.7,486.73,0.143333355585734,"N",1
"9","1",7,9.39,100.75,513.83,724.55,0.396666680773099,"N",1
"10","1",10,171.11,179.92,531.97,697.19,-0.636666649331649,"N",2
"11","0",10,1.34,114.6,693.28,461.77,-1.38333336512248,"N",2
"12","0",6,0,17,724.23,616.25,0.540000002210339,"N",4
"13","0",1,17.16,121.09,664.71,577.24,-1.01666669050852,"Y",2
"14","0",4,54.5,165.46,636.22,731.48,0.666666676600774,"N",2
"15","0",4,55.35,79.16,739.33,485.32,0.816666672627131,"N",1
"16","0",4,0,10.53,582.18,718.94,0.72666667898496,"N",4
"17","0",4,0,0,725.63,496.49,0.760000010331472,"N",4
"18","0",4,0,2.76,782.13,489.69,0.830000023047129,"N",3
"19","0",4,8.19,10.73,785.89,503.35,0.870000004768372,"N",1
"20","1",4,0,0,577.22,621.83,0.723333348830541,"N",4
"21","0",10,43.96,43.96,559.47,541.9,-1.38333329806725,"N",4
"22","0",4,0,0,436.45,693.03,0.596666658918063,"N",3
"23","0",4,0,0,482.48,513.3,1.02000000079473,"N",4
"24","0",12,7.98,7.98,475.01,834.57,-0.64666669567426,"N",1
"25","0",17,138.55,144.55,596.08,673.98,0.229999989892046,"N",1
"26","1",14,0,0,617.84,554.21,-0.420000036557515,"N",4
"27","1",6,36.51,54.18,366.16,786.19,0.97666667898496,"Y",1
"28","0",14,23.28,103.64,445.15,657.8,-0.336666663487752,"Y",1
"29","0",7,19.8,43.68,534.48,461.06,1.0099999854962,"Y",1
"30","0",8,0,0,483.49,356.99,-0.233333319425583,"N",2
"31","0",3,0,0,542.54,319.82,0.333333319673936,"Y",3
"32","0",4,0,0,598.06,338.7,0.110000004371007,"N",3
"33","0",6,0,51.09,496.05,440.29,0.923333339393139,"Y",2
"34","0",12,10.45,10.45,533.64,392.93,-0.830000008145968,"N",2
"35","0",18,52.82,52.82,519.84,371.77,0.313333332538605,"N",1
"36","0",22,14.34,20.09,519.69,364.68,-0.526666651169459,"Y",1
"37","1",10,14.7,27.75,746.82,427.9,-1.6433333158493,"N",2
"38","1",6,40.17,87.36,545.64,693.98,0.720000018676122,"N",2
"39","0",11,73.37,73.37,647.93,519.4,-0.926666662096977,"N",2
"40","0",1,125.5,126.39,491.18,609.28,0.543333331743876,"N",4
"41","0",20,70.57,77.57,638.38,555.64,0.0433333218097687,"N",2
"42","0",2,42.95,81.74,577.25,620.5,0.383333325386047,"Y",2
"43","1",6,100.99,143.43,612.98,537.9,0.540000022078554,"Y",2
"44","0",7,19.92,167.4,616.68,760.07,0.560000019768874,"N",1
"45","0",3,0,2.68,704.15,734.65,-0.00999999543031057,"N",3
"46","0",4,20.17,35.48,759.65,523.11,0.286666651566823,"N",3
"47","1",12,57.58,117.29,623.35,595.18,-0.286666671435038,"N",1
"48","0",5,0,7.11,818.62,487.03,0.813333342472712,"N",3
"49","0",5,25.63,51.14,624.46,725.93,0.683333322405815,"N",3
"50","1",5,0,0,717.21,497.98,0.839999993642171,"N",4
"51","0",5,0,3.43,703.28,544.99,0.72666667898496,"N",3
"52","0",4,0,5.7,439.66,830.75,0.133333365122477,"Y",2
"53","0",5,0,0,472.81,505.92,0.616666674613953,"Y",3
"54","0",5,58.49,61.84,406.27,551.57,0.656666666269302,"Y",3
"55","1",13,27.03,27.03,510.85,823.09,-0.553333352009455,"N",3
"56","1",13,62.76,68.44,520.55,747.17,-0.516666680574417,"N",1
"57","0",18,24.37,49.85,412.45,867.22,0.346666678786278,"N",1
"58","1",15,0,0,648.4,526.36,-0.466666698455811,"N",3
"59","1",7,36.17,36.17,349.16,798.28,1.05000002185504,"Y",2
"60","0",19,114.24,136.09,381.74,659.66,-0.0333333338300387,"Y",2
"61","0",13,0,0,212.65,1253.27,-0.856666653727492,"N",4
"62","0",7,5.04,22.76,606,363.36,0.993333339691162,"N",1
"63","0",7,3.89,17.76,514.81,415.83,0.666666656732559,"N",1
"64","0",1,1.1,1.1,550.75,371.42,0.0600000073512395,"N",4
"65","0",5,23.81,23.81,550.03,360.69,0.410000013808409,"N",1
"66","0",5,8.29,8.29,465.51,376.11,0.219999993840853,"Y",3
"67","0",11,2.96,2.96,587.48,340.38,-0.550000001986822,"N",1
"68","0",1,40.24,40.24,575.58,310.99,0.219999993840853,"Y",3
"69","0",7,0,0,426.08,485.47,0.830000032981237,"N",2
"70","0",2,37.54,37.54,430.86,551.8,0.809999998658895,"N",1
"71","0",8,23.39,23.39,549.13,362.5,0.666666666666667,"N",2
"72","0",7,0,0,591.98,354.24,0.760000010331472,"N",1
"73","0",7,25.77,25.77,405.58,533.78,0.806666672229767,"Y",2
"74","0",7,2.15,2.15,429.65,495.96,0.930000009636084,"N",2
"75","1",13,28.42,28.42,498.5,409.64,-0.970000018676122,"N",1
"76","1",9,0,0,287.54,663.98,0.840000006059806,"N",3
"77","0",5,0,0,460.56,448.39,0.253333310286204,"N",4
"78","0",3,9.77,9.77,714.58,429.73,0.266666667535901,"N",2
"79","1",12,91.56,91.56,534.42,694.49,-0.656666643917561,"N",2
"80","0",2,58.98,58.98,465.72,605.22,0.540000011523565,"N",2
"81","1",6,0,0,446.04,867.33,0.740000019470851,"N",4
"82","0",18,0,67.93,703.97,735,-0.0100000301996867,"N",3
"83","1",6,0,9.65,781.87,494.84,0.803333322207133,"N",3
"84","0",6,54.44,59.74,833.15,427.55,0.833333333333333,"N",2
"85","0",6,18.61,53.98,773.13,492.56,0.853333334128062,"N",2
"86","0",6,65.68,65.68,653.41,566.5,0.686666662494341,"N",4
"87","0",6,0,0,713.7,595.28,0.730000019073486,"N",3
"88","0",6,108.44,110.1,539.9,761.47,0.689999997615814,"Y",1
"89","0",6,28.9,37.09,770.12,524.83,0.876666665077209,"N",1
"90","1",6,43.1,52.08,673.51,532.49,0.736666679382324,"N",1
"91","0",12,0,0.4,463.26,596.63,-1.60666662454605,"N",4
"92","0",6,43.3,43.3,399.64,719.25,0.609999984502792,"N",4
"93","0",8,0,0,533.29,456.16,1.1066666841507,"N",3
"94","0",6,0,0,550.29,496.68,0.319999992847443,"N",4
"95","0",6,0,0,391.44,450.74,0.676666657129923,"Y",3
"96","1",22,51.69,82.88,547.06,666.29,0.576666663090388,"N",1
"97","1",14,0.58,0.58,477.1,858.72,-0.52333332101504,"N",3
"98","1",16,0,0,614.79,558.77,-0.426666657129924,"N",4
"99","0",1,21,21,493.41,599.5,-0.359999980777502,"Y",1
"100","0",8,141.64,147.01,351.15,792.03,1.00333334008853,"Y",2
"101","0",5,58.63,88.17,300.48,953.44,0.159999986489614,"N",3
"102","0",1,5.63,50.14,413.55,520.01,-0.32000000278155,"Y",1
"103","0",2,59.3,88.95,355.98,657.78,0.393333335717519,"Y",2
"104","0",8,0,5.12,483.68,466.45,1.0766666730245,"Y",3
"106","0",8,11.6,77.92,383.55,455.96,0.646666646003723,"N",2
"107","0",6,5.69,5.69,489.12,363.38,0.23666667441527,"Y",2
"108","0",5,19.44,19.44,548.85,319.34,0.310000002384186,"N",2
"109","1",4,1.47,1.47,584.3,361.74,0.636666675408681,"N",3
"110","0",1,52.08,122.93,352.01,537.65,-0.146666660904884,"N",2
"111","0",5,0,0,487.95,399.4,0.540000006556511,"Y",1
"112","0",2,19.99,19.99,531.89,360.3,0.100000003973643,"N",2
"113","0",24,18.77,18.77,516.8,363.43,-0.469999998807907,"Y",2
"114","0",5,0,0,561.46,453.36,0.0599999949336052,"N",4
"115","0",6,0,0,534.7,547.49,0.213333328564962,"N",4
"116","1",1,45,45,407.6,555.59,0.643333320816358,"N",1
"117","1",11,32.6,114.5,349.44,875,-0.160000016291936,"N",3
"118","1",13,76.7,140.14,552.41,692.14,-0.633333330353101,"N",2
"119","0",6,15.64,69.67,548.89,614.22,0.299999994536241,"N",2
"120","0",9,0,12.69,566.8,626.88,0.710000013311704,"N",3
"121","0",1,8.72,53.77,696.67,520.88,0.646666665871938,"N",1
"122","0",3,0,5.51,708.18,636.26,0.0433333267768224,"N",2
"123","0",13,95.67,95.67,645.21,630.69,-0.73666667441527,"Y",2
"124","1",6,15.51,92.07,781.27,375.31,0.256666665275892,"N",1
"125","0",14,86.89,101.3,645.95,622.76,-0.269999990860621,"N",2
"126","0",7,2.69,51.76,709.17,516.17,0.760000010331472,"Y",1
"127","1",8,4.53,129.54,794.68,518.15,0.729999979337057,"N",2
"128","0",7,0,0,543.42,742.94,0.719999978939692,"Y",4
"129","1",17,14.42,14.42,432.88,655.58,-0.356666684150696,"N",4
"130","0",3,47.87,82.44,559.2,661.69,0.633333340287209,"N",2
"131","1",17,20.23,20.23,670.21,512.11,-0.483333349227905,"N",3
"132","0",11,1.38,1.38,496.33,551.74,1.03666667143504,"Y",3
"133","0",1,13.2,120.19,316.76,857.53,-0.336666658520699,"N",1
"135","0",2,78.95,96.44,368.96,765.58,-0.536666686336199,"N",3
"136","0",2,44.64,61.37,353.36,791.31,-0.269999990860621,"N",1
"137","0",13,0,0,568.23,455.99,-1.0933333337307,"Y",4
"138","0",8,5.29,14.16,661.42,495.36,1.03666667143504,"N",2
"139","0",7,1.89,4.21,394.46,723.36,0.609999984502792,"N",3
"140","0",7,0,5.67,329.05,551.91,0.373333346098661,"Y",3
"141","1",6,8.26,8.26,542.32,381.76,0.496666649977366,"N",2
"142","1",15,16.41,16.41,585.1,365.04,-0.693333347638448,"N",2
"143","0",9,3.48,6.32,469.83,346.64,0.679999967416128,"N",2
"144","0",7,17.29,21.12,464.84,377.57,0.213333333532015,"Y",1
"145","0",18,67.14,172.67,311.72,480.58,-0.453333333134651,"N",1
"146","0",3,33.83,33.83,563.35,312.1,0.173333336909612,"N",3
"147","0",2,0,0,285.17,464.09,-0.210000003377597,"N",2
"148","1",15,60.55,60.55,414.51,560.42,-0.720000001291434,"N",2
"149","1",2,66.23,95.06,431.48,462.99,-0.0500000094374021,"N",1
"150","0",2,5.63,46.11,715.83,363.05,0.569999992847443,"N",2
"151","0",2,10.42,79.25,615.05,519.59,-0.880000005165736,"N",2
"152","0",6,16.06,19.2,670.72,476.32,0.156666656335195,"N",2
"153","0",5,30.76,111.34,748.42,514.8,-1.0466666618983,"N",2
"154","0",3,24.02,70.2,686.48,578.67,-1.06666666269302,"N",1
"155","0",5,47.01,81.61,548.44,638.92,-1.04999999205271,"N",2
"156","0",17,86.77,86.77,681.4,467.01,0.863333309690158,"N",1
"157","1",2,78.22,78.22,741.58,440.85,-1.08666664361954,"N",2
"158","0",8,2.03,54.33,695.61,493.44,1.33666664361954,"N",2
"159","0",1,4.34,4.34,730.65,496.37,-1.10999997456868,"N",2
"160","0",3,21.38,58.83,801.38,452.52,-1.11000000437101,"N",2
"161","0",5,42.2,51.02,687.29,491.68,0.1400000055631,"N",1
"162","1",5,16.62,80.28,749.51,488.46,0.053333322207133,"Y",1
"163","0",4,109.52,109.52,753.35,470.01,-1.11333332459132,"N",2
"164","0",5,63.94,63.94,691.8,508.75,0.160000026226044,"Y",2
"165","0",7,0,72.87,702.45,513.07,0.143333335717519,"Y",1
"166","0",3,41.3,43.84,685.94,541.06,0.136666655540466,"Y",1
"167","0",5,5.15,20.29,821.73,475.75,0.953333338101705,"Y",2
"168","1",12,45.93,114.65,544.01,646.13,-0.346666673819224,"N",3
"169","1",12,0,0,442.76,737.12,-0.599999999006589,"Y",4
"170","1",15,102.43,156.72,431.6,709.01,-0.369999994834264,"Y",1
"171","0",20,15.12,15.12,875.6,305.01,-0.559999982515971,"N",2
"172","0",17,7.09,77.25,518.87,510.98,-0.533333331346512,"N",2
"173","0",7,9.26,9.26,484.04,517.89,0.996666669845581,"N",1
"174","0",6,32.86,32.86,499.5,512.26,0.990000014503797,"N",3
"175","0",5,30.18,36.67,470.22,522.6,0.980000014106433,"N",4
"176","0",7,0,0,564.15,471.76,0.993333339691162,"N",4
"177","0",7,0,0,654.14,456.61,0.970000008742015,"N",4
"178","0",16,33.46,53.19,658.27,512.52,-0.356666684150696,"N",2
"179","1",4,17.85,33.44,561.99,582.55,0.129999995231628,"Y",2
"180","0",1,0,75.26,713.7,572.95,-0.363333354393641,"N",2
"181","0",11,46.06,137.33,596.24,627.85,-0.263333340485891,"N",2
"182","0",4,11.99,18.94,568.85,663.31,-0.383333325386047,"N",3
"183","0",6,9.88,18.14,590.04,627.58,0.176666676998138,"Y",2
"184","0",16,0,0,669.52,498.19,-0.0433333615461985,"N",3
"185","0",3,0,0,580.06,543.04,-0.109999984502792,"N",3
"186","0",5,11.78,35.44,694.9,498.98,-0.146666675806046,"N",2
"187","1",4,56.13,74.22,623.21,531.92,-0.223333346347014,"N",2
"188","0",6,3.14,6.36,615.77,457.33,1.11666667461395,"N",3
"189","0",9,0,0,477.3,542.97,1.18333333730698,"N",4
"190","0",10,0,0.81,561.94,489.2,1.22333331902822,"N",4
"191","1",4,160.48,162.8,506.94,594.72,0.0300000011920929,"N",2
"192","0",10,3.61,66.66,538.98,621.12,-0.369999984900157,"N",2
"193","0",12,0.58,9.97,554.82,606.84,-0.286666671435038,"N",3
"194","0",6,26.51,53.04,504.45,621.05,1.41999995708466,"N",3
"195","0",9,9.12,42.93,622.26,587.72,0.989999969800313,"Y",2
"196","0",7,4.72,4.72,744.9,386.17,1.18333331743876,"N",1
"197","0",8,20.67,125.89,526.56,501.01,1.07333336273829,"N",1
"198","1",5,114.55,119.59,550.7,448.08,1.08666667342186,"N",2
"199","1",12,11.27,20.45,507.05,518.48,-1.06000001231829,"Y",3
"200","1",14,23.92,30.08,676.33,450.5,-1.03333334128062,"Y",1
"201","0",11,84.05,103.93,502.66,545.67,1.10666670401891,"N",1
"202","1",4,60.47,110.54,470.75,608.35,0.143333331992229,"N",2
"203","0",9,51.47,63.12,444.35,576.04,1.33000000317891,"N",2
"204","0",3,59.24,91.91,684.71,521.48,0.0800000031789144,"Y",2
"205","0",4,54.91,77.51,693.53,515.63,0.0733333428700765,"Y",1
"206","0",3,10.07,36.38,700.29,492.23,0.113333324591319,"N",2
"207","0",13,47.65,75.06,567.73,579.71,0.136666685342789,"N",3
"208","0",16,50.41,73.37,420.17,680.1,-0.0233333110809326,"N",4
"209","1",14,7.54,27.52,653.75,490.44,0.00666670004526774,"N",2
"210","0",2,0,0,485.36,626.21,1.03333334128062,"Y",4
"211","1",15,159.97,159.97,574.84,669.17,-0.103333326677481,"Y",2
"212","0",4,0,0,597.9,508.56,0.42666665588816,"N",3
"213","0",7,8.61,104.18,527.65,657.52,0.270000000173847,"N",2
"214","1",1,82.84,131.88,613.76,578.28,0.256666680177053,"N",2
"215","0",8,0,0,749.99,593.31,0.246666662395,"N",3
"216","0",8,0,5.55,561.89,743.23,0.733333359162013,"N",4
"217","0",8,0,27.19,599.02,770.19,0.660000016291936,"N",4
"218","0",20,56.69,77.44,651.15,780.24,-0.0300000309944153,"N",3
"219","0",8,104.12,106.43,687.64,529.12,0.713333318630854,"Y",1
"220","0",8,24.14,37.79,817.49,437.46,0.786666641632716,"N",2
"221","1",8,0.88,15.78,694.45,518.51,0.786666661500931,"N",4
"222","1",8,9.68,14.61,573.59,697.33,0.730000009139379,"Y",1
"223","0",8,0,7.91,749,498.62,0.82000000278155,"N",3
"224","0",8,0,13.05,821.35,490.77,0.856666684150696,"N",3
"225","0",8,70.75,70.75,520.76,492.09,0.650000018378099,"Y",1
"226","0",1,4.26,60.07,607.58,384.87,0.42999999721845,"Y",3
"227","1",8,0,0,463.2,381.24,0.209999988476435,"Y",3
"228","0",4,0,0,522.42,314.78,0.170000001788139,"Y",3
"230","0",26,15.19,25.59,433.7,597.6,0.163333332786957,"N",2
"231","0",11,2.04,2.04,540.41,355.3,0.706666678190231,"Y",3
"233","0",10,10.16,10.16,539.92,390.98,0.790000001589457,"N",1
"234","1",2,12.79,12.79,519.84,362.17,-0.610000004371007,"Y",2
"235","0",3,0,0,457.27,682.48,-0.399999996026357,"N",4
"236","0",16,46.65,74.78,356.03,750.74,-0.566666662693024,"N",2
"237","0",3,63.56,63.56,337.82,634.16,-0.413333331545194,"N",2
"238","0",3,0.92,15.12,338.47,789.66,-0.400000013411045,"N",2
"239","0",3,0,0,364.17,697.47,-0.356666674216588,"N",4
"240","0",3,0,0,560.47,532.34,-0.403333336114883,"N",2
"241","0",11,49.83,75.93,460.64,562.69,1.08333333333333,"N",1
"242","0",8,11.72,11.72,596.47,406.27,0.269999990860621,"Y",3
"243","0",8,10.75,21.37,550.04,558.04,0.223333338896434,"Y",2
"244","0",16,44.88,154.8,530.48,655.11,-0.353333334128062,"N",2
"245","0",10,59.79,89.11,559.48,635.75,0.880000007649263,"Y",2
"246","0",8,29.9,52.82,758.94,455.59,0.049999992052714,"Y",1
"247","0",6,55.99,60.99,632.95,534.03,-1.09666667381922,"Y",2
"248","0",9,36.95,36.95,849.12,312.46,1.00333333015442,"N",2
"249","0",9,27.51,27.51,484.6,517.78,1.00666669011116,"N",1
"250","0",9,13.27,79.5,637.78,451.79,0.986666679382324,"N",1
"251","0",10,40.89,168.17,534.22,588.19,-0.259999990463257,"N",4
"252","0",7,1.99,171.81,741.1,478.29,-0.269999995827675,"N",2
"253","0",9,30.76,63.97,584.6,426.83,0.99333334962527,"N",2
"254","0",8,70.68,94.14,654.46,556.95,0.0899999936421712,"Y",1
"255","0",8,66.92,66.92,589.2,607.27,0.0866666634877523,"N",2
"256","0",17,41.21,51.03,713.49,476.16,0.0166666532556216,"N",1
"257","1",7,103.02,103.02,502.55,659.61,0.243333339691162,"Y",2
"258","0",5,0,0,546.18,579.32,0.533333336313566,"Y",3
"259","0",3,135.43,144.46,687.07,524.58,0.659999996423721,"Y",1
"260","0",22,70.5,94.17,730.64,467.34,-0.870000024636587,"Y",1
"261","0",11,124.61,132.49,564.35,602.37,0.773333313564459,"Y",1
"262","1",21,0,21.17,508.13,858.46,-0.0366666913032532,"Y",4
"263","0",9,15.22,21.13,748.18,483.94,0.706666658322016,"Y",2
"264","0",9,0,7.26,764.52,472.29,0.869999984900157,"Y",4
"265","0",11,12.34,27.62,826.32,501.1,0.499999993170301,"N",3
"266","1",9,0,0,573.27,728.15,0.683333322405815,"Y",4
"267","1",9,0,3.17,666.58,593.9,0.723333358764648,"Y",4
"268","0",9,0,2.88,727.75,502.12,0.839999993642171,"Y",4
"269","0",7,0,25.07,698.48,746.83,-0.0133333206176758,"N",2
"270","0",11,0,31.55,561.35,496,0.233333314458529,"Y",4
"271","0",5,3.92,37.82,716.32,439.15,0.683333357175191,"Y",2
"272","0",1,37.23,37.23,393.61,717.92,0.0833333333333333,"Y",3
"273","0",1,18.57,25.47,517.99,556.11,-0.06666665772597,"N",3
"274","0",1,11.35,16,435.55,730.6,0.096666673819224,"Y",3
"275","0",1,64.77,64.77,531.12,672.52,-0.0866666634877523,"Y",2
"276","1",12,100.32,101.83,590.02,659.79,0.720000008742015,"Y",1
"277","0",13,12.05,123.76,675.06,602.7,0.41000000325342,"Y",1
"278","0",1,0,4.11,724.93,608.01,0.0166666625688473,"Y",4
"279","0",2,251.22,251.22,675.29,494.34,0.0333333363135656,"Y",1
"280","1",5,87.73,90.16,608.05,541.88,0.72666667898496,"Y",2
"281","1",7,7.58,87.88,775.51,401.81,-0.11000000188748,"Y",2
"282","0",9,30.17,48.22,541.64,781.35,-0.00999999791383743,"Y",2
"283","1",9,70.18,70.18,753.69,409.84,0.00999999791383743,"Y",2
"284","0",5,28.48,69.89,490.06,867.75,0.089999998609225,"Y",3
"285","0",11,0.91,0.91,461.61,886.28,0.666666666666667,"Y",4
"286","0",15,86.44,90.71,840.22,490.93,-0.360000018030405,"Y",1
"287","0",2,79.49,79.49,524.6,652.67,-0.0900000035762787,"Y",2
"288","0",2,97.07,108.9,597.99,657.62,-0.0999999940395355,"Y",2
"289","0",2,18.57,115.22,576.46,607.03,-0.0566666722297668,"Y",1
"290","0",1,36.29,36.29,637.06,638.31,-0.0966666713356972,"Y",1
"291","0",2,9.52,26.72,517.08,668.97,-0.0766666680574417,"Y",1
"292","1",10,0,24.7,724.29,498.05,0.730000019073486,"Y",4
"293","0",10,0,17.14,701.77,515.03,0.799999972184499,"Y",4
"294","1",11,71.37,92.48,552.45,732.98,0.70333331823349,"Y",4
"295","0",11,27.06,106.85,750.46,505.89,0.799999972184499,"Y",1
"296","0",11,4.66,11.09,809.76,449.98,0.876666645208995,"Y",3
"297","1",10,1.97,19.38,699.98,558.81,0.72666667898496,"Y",4
"298","1",11,3.53,6.34,754.59,483.57,0.8599999944369,"Y",3
"299","0",10,0,12.45,786.37,489.36,0.830000023047129,"Y",3
"300","0",10,0,3.76,787.82,491.37,0.856666684150696,"Y",3
"301","0",11,3.48,17.69,744.85,523.53,0.72666667898496,"Y",3
"302","0",10,0,3.65,808.51,505.25,0.773333340883255,"Y",4
"303","0",10,70.53,93.71,811.27,505.5,0.876666665077209,"Y",2
"304","0",12,8.3,83.66,732.03,567.93,0.796666669348876,"N",1
"305","0",4,0,90.31,792.16,566.84,0.453333328167597,"Y",3
"306","0",9,0,0,471.42,508.16,0.656666666269302,"Y",2
"307","1",9,41.65,47.99,369.68,536.79,0.646666663388411,"Y",2
"308","0",22,0.8,18.68,378.88,743.47,0.646666646003723,"N",1
"309","0",23,16.46,102.08,515.55,725.74,0.366666649778684,"N",1
"310","0",24,18.62,18.62,562.62,713.83,0.266666653876503,"N",3
"311","0",4,29.12,29.12,587.39,593.23,0.163333339616656,"Y",1
"312","1",19,35.28,35.28,446.33,917.18,-0.663333296775818,"N",1
"313","0",20,0,0,620.5,527.48,-0.43666668732961,"N",4
"314","0",1,0,0,414.7,753.32,0.933333347241084,"Y",1
"315","1",11,44.89,78.68,335.45,897.52,0.996666664878527,"N",2
"316","0",6,13.79,53.22,357.47,773.86,0.930000009636084,"N",2
"317","0",1,0,0,391.79,646.04,0.8599999944369,"N",3
"318","0",6,0,0,368.21,736.92,-0.333333333333333,"N",4
"319","1",11,66.68,166.12,289.86,891.86,1.05000002185504,"Y",1
"320","0",8,91.27,91.27,400.82,610.18,0.860000004371007,"Y",2
"321","0",27,51.83,64.96,458.11,590.88,0.463333318630854,"N",3
"322","0",6,39.29,46.9,400.2,707.78,-0.49999999627471,"Y",1
"323","0",13,3.75,14.87,337.49,779.2,0.606666661798954,"Y",2
"325","0",7,40.48,85.18,324.8,837.58,0.943333352605502,"Y",2
"327","0",12,7.09,32.6,290.22,621.52,0.786666687577963,"N",2
"328","0",27,23.76,23.76,570.68,424.2,0.173333317041397,"Y",1
"329","0",12,20.14,36.95,329.42,583.67,1.25999999046326,"N",2
"330","0",4,96.09,132.9,417.29,659.88,-0.456666653354963,"Y",1
"331","0",5,57.9,158.96,367.32,764.45,-0.28999999165535,"Y",2
"332","0",5,31.67,55.31,488.92,597.67,0.436666677395503,"N",1
"333","0",6,24.28,43.18,382.59,744.14,-0.55000001937151,"Y",1
"334","0",12,1.34,42.97,287.48,986.1,0.916666666666667,"N",1
"335","0",5,33.72,56.31,435.34,685.24,0.42666665216287,"N",1
"336","0",7,0,0,464.26,481.72,0.229999995479981,"Y",3
"337","0",11,0,0,518.45,489.59,0.613333334525426,"Y",2
"338","0",13,0,0,401.55,607.79,0.999999980131785,"Y",2
"339","0",10,51.74,62.83,372.9,521.89,0.253333335121473,"N",2
"340","1",11,35.43,35.43,438.74,483.73,0.723333338896433,"Y",1
"341","1",11,0,0,425.55,491.81,0.663333346446355,"Y",4
"342","0",5,0,0,554.43,372.7,0.0766666730244954,"N",4
"344","0",10,0,0,348.32,601.27,0.0100000103314718,"N",2
"345","0",9,4.75,4.75,538.25,318.54,0.27333332474033,"N",3
"346","0",9,0,0,540.97,320.91,0.329999986415108,"N",4
"347","0",4,28.82,53.47,206.08,585.37,-0.303333319723606,"N",2
"348","1",28,50.24,50.24,479.66,332.95,-0.296666658793886,"N",2
"349","1",28,30.58,30.58,528.19,358.46,-0.520000005761782,"Y",1
"350","0",27,11.11,11.11,527.89,355.23,-0.496666669845581,"N",2
"352","0",27,53.22,53.22,531.86,353.69,0.329999983310699,"Y",2
"354","0",8,0,0,560.67,359.91,0.510000015298525,"N",2
"355","0",9,5.46,5.46,339.45,654.51,0.290000011523565,"N",2
"356","0",11,0,0,366.22,524.28,0.866666652262211,"N",1
"357","0",6,20.13,21.09,575.67,337.94,-0.0933333386977514,"N",2
"358","1",24,0.85,0.85,457.68,385.95,0.250000009934107,"N",3
"359","0",5,1.79,5.91,438.98,503.33,-0.0166666805744171,"N",2
"360","0",5,0,0,291.53,542.52,0.433333332339923,"N",2
"361","0",5,0,0,428.17,436.15,0.386666666716337,"N",2
"362","0",27,21.26,21.26,537.88,360.03,-0.529999986290932,"N",1
"363","0",6,32.99,32.99,522.5,362.71,0.103333344062169,"N",3
"364","1",3,24.93,29.72,539.33,355.66,-0.61666664481163,"N",1
"365","0",1,12.95,12.95,555.71,381.69,-0.700000007947286,"Y",3
"366","0",10,0,0,579.07,340.92,0.2833333487312,"Y",3
"367","0",7,0,0,521.03,319.54,0.106666664282481,"Y",3
"368","1",7,7.18,7.18,492.98,324.92,0.133333330353101,"Y",2
"369","0",6,0,0,452.26,488.32,-0.0300000111262004,"Y",2
"370","0",29,105.96,105.96,501.74,366.05,-0.496666664878527,"Y",2
"371","0",1,0,0,548.57,351.16,-0.949999988079071,"N",4
"372","0",2,0,0,590.03,335.31,0.193333347638448,"Y",3
"373","0",1,0,0,580.13,357.29,-0.930000007152557,"N",4
"374","0",1,25.35,25.35,567.11,345.42,-0.9699999888738,"Y",2
"375","1",25,12.38,12.38,582.13,369.58,0.333333333333333,"Y",3
"376","1",6,0,0,330.15,551.91,-0.40999998152256,"Y",3
"378","0",6,7.18,7.18,597.73,564.58,-0.0866666634877523,"N",1
"379","0",1,120.93,171.91,523.88,703.72,-0.803333312273026,"N",1
"380","0",8,31.21,81.27,687.59,481.95,-1.08999999364217,"Y",1
"381","0",11,74.51,74.51,789.3,462.23,0.899999996026357,"N",3
"382","0",1,34.25,155.18,705.91,495.39,-0.740000009536743,"Y",1
"383","0",8,23.04,143.74,545.65,600.48,-1.0799999833107,"Y",2
"384","0",3,8.82,70.82,809.16,489.88,0.703333323200544,"N",2
"385","0",1,0,1.38,712.11,574.88,-0.770000000794729,"N",3
"386","0",11,25.11,25.11,863.8,304.41,1,"N",3
"388","1",18,2.96,37.46,451.06,658.86,-0.279999981323878,"N",3
"389","0",4,19.61,89.36,626.87,578.13,0.630000021308661,"N",1
"390","0",1,32.25,122.4,749.05,560.67,-0.763333310683568,"N",2
"391","1",2,85.51,85.51,658.85,558.13,-0.0666666726271311,"Y",2
"392","0",8,42.57,72.55,624.08,533.49,-0.193333337704341,"N",2
"394","0",2,0,0,313.57,654.44,0.576666673024495,"Y",3
"396","0",7,0,0,667.21,454.21,-0.0266666548947493,"N",2
"398","0",9,61.53,61.53,512.51,591.23,0.266666676849127,"N",2
"399","1",3,51.25,126.69,539.62,618.24,0.66666668963929,"N",2
"400","1",9,35.37,35.37,626.65,574.03,0.0899999936421712,"Y",1
"401","0",19,18.12,40.62,730.99,425.05,0.0166666718820731,"N",2
"402","0",15,31.15,31.15,410.18,460.61,-1.20999997854233,"Y",3
"404","0",11,22.95,22.95,415.17,429.28,0.330000011871258,"N",2
"405","0",17,6.08,36.98,619.47,339.17,-0.783333318928877,"N",1
"406","1",9,8.33,8.33,546.5,372.31,0.186666662494342,"N",2
"407","0",1,6.52,6.52,551.9,364.83,0.310000042120616,"N",2
"408","0",6,0,0,553.79,348.34,-0.0633333325386047,"N",2
"409","0",7,16.43,17.32,538.35,345.63,-0.0599999974171321,"N",1
"410","0",7,0,0,608.59,344.84,0.0233333309491475,"N",2
"411","0",10,13.06,13.06,410.96,477.42,0.353333334128062,"N",3
"412","0",5,6.99,6.99,498.61,401.88,-0.136666675408681,"N",3
"413","0",1,3.03,35.95,612,373.66,-0.263333320617676,"N",2
"414","1",2,0,0,530.99,394.44,0.736666669448217,"Y",1
"415","0",1,0,0,438.51,443.55,0.32999994357427,"Y",3
"416","0",11,0,0,563.73,449.71,0.54333333671093,"N",2
"417","0",9,6.8,6.8,409.55,548.01,0.630000000198682,"N",2
"418","0",29,0,0,511.89,398.13,0.56000000735124,"N",4
"419","0",2,0,0,407.21,499.15,-0.506666670242945,"N",3
"420","0",12,5.14,5.14,461.98,453.33,0.290000005314748,"N",3
"421","0",6,25.22,53.18,508.85,525.87,-0.0533333346247673,"Y",3
"422","0",13,0,4.1,442.39,461.84,0.23333332935969,"Y",4
"423","0",2,41.91,54.94,607.42,463.21,-0.0133333367606004,"Y",2
"424","0",5,0,0,606.01,397.91,0.636666675408681,"Y",3
"425","0",19,1.1,1.1,405.22,835.28,-0.706666673223178,"N",3
"426","0",19,34.49,141.12,433.52,817.05,-0.706666673223178,"N",1
"427","1",19,44.8,75.86,456.36,802.39,-0.623333324988683,"N",1
"428","1",19,0.81,8.42,486.45,774.12,-0.706666673223178,"N",3
"429","0",4,95.82,110.73,393.77,596.09,1.60999999692043,"N",1
"431","0",4,32.59,120.12,639.48,442.32,0.826666673024495,"N",2
"432","0",13,18.96,18.96,755.68,439.57,0.886666650573413,"N",1
"433","0",19,30.19,67.08,476.6,658.89,-0.273333330949148,"N",1
"434","1",9,51.61,52.6,726.02,469.49,-1.0799999833107,"N",2
"435","0",9,20.52,20.52,606.72,514,-1.0633333226045,"N",2
"436","0",9,28.16,49.17,702.78,509.25,-1.11333331465721,"Y",2
"437","0",11,2.9,26.55,691.54,544.78,0.0800000031789144,"Y",2
"438","0",8,97.1,97.1,450.09,760.38,-0.293333331743876,"N",1
"439","0",2,51.67,64.39,397.94,833.59,-0.650000005960464,"N",3
"440","0",3,30.36,144.87,388.17,681.93,0.423333330079913,"N",2
"441","0",3,16.6,16.6,618.9,561.39,-0.0200000107288361,"Y",2
"442","0",11,21.69,21.69,741.72,498.16,0.0466666618982951,"N",1
"443","0",12,13.52,40.17,669.55,457.01,0.0166666954755783,"N",3
"444","1",8,87.9,87.9,476.14,587.73,0.489999999602636,"Y",2
"445","0",5,29.74,37.23,674.94,532.65,0.253333330154419,"Y",2
"446","0",14,1.18,1.87,544.43,626.3,0.689999993890524,"N",3
"447","0",18,33.02,93.24,785.62,387.8,-1.47666664918264,"N",1
"448","0",7,166.6,175.43,603.7,590.59,0.176666672031085,"Y",2
"449","0",12,0,13.23,652.97,714.04,0.673333341876666,"Y",4
"450","0",12,94.7,94.7,724.79,495.56,0.74333334962527,"Y",2
"451","1",18,159.32,163.24,556.77,677.35,-0.613333328937491,"Y",2
"452","0",3,109.35,123.25,439.99,717.44,0.0933333386977514,"Y",2
"454","0",3,48.75,143.52,533.82,573.7,-0.00666666962206364,"Y",2
"455","0",3,0,0,491.79,664.43,-0.0266666635870934,"Y",3
"457","0",3,27.24,27.24,461.36,744.41,0.0133333330353101,"Y",3
"458","0",2,6.9,81.23,946.93,446.55,-0.110000004371007,"Y",2
"460","1",2,77.48,80.15,720.04,528.16,-0.0833333134651184,"Y",2
"461","0",2,8.62,8.62,764.69,495.25,-0.0166666656732559,"Y",2
"462","0",2,14.09,150.09,721.53,521.58,-0.00333331028620402,"Y",2
"466","0",2,13.14,13.14,328.01,663.99,0.73999996483326,"Y",3
"467","0",12,0,0,425.9,539.61,0.629999995231628,"Y",3
"468","1",12,22.07,22.07,441.11,500.88,0.616666664679845,"Y",4
"469","0",2,6.55,15.6,397.53,516.88,-0.42999999721845,"Y",2
"470","0",14,72.46,95.72,378.37,645.69,1.01333335538705,"Y",1
"471","1",13,5.8,9.28,458.26,468.63,0.713333328564962,"Y",4
"472","0",13,0,0,438,510.23,0.669999996821086,"Y",4
"473","0",4,0,0,548.47,326.57,-0.1400000055631,"Y",2
"474","0",7,72.96,75.74,355.45,518.89,-0.0100000003973643,"Y",1
"475","0",30,32.42,33.45,409.49,649.85,0.176666664580504,"N",2
"476","0",11,0,148.91,338.93,669.64,0.103333337853352,"Y",2
"477","1",30,19.53,28.03,471.67,341.89,-0.306666658570369,"Y",3
"478","1",8,0,0,294.3,546.38,0.409999996423721,"Y",3
"479","0",2,42.37,42.37,536.73,361.5,-0.489999997119109,"N",2
"480","1",26,0,0,465.39,377.98,0.276666671037674,"Y",2
"481","0",4,10.19,21.14,611.9,322.3,0.246666630109151,"Y",1
"482","0",15,18.12,104.01,431.63,377.29,0.606666644414266,"Y",1
"483","0",3,0,0,460.26,393.38,-1.30999998251597,"Y",2
"484","0",15,147.81,147.81,375.74,516.66,0.733333354194959,"Y",1
"485","0",15,29.47,38.57,387.94,540.41,0.889999979486068,"Y",2
"486","0",8,0,0,389.67,387,-0.163333331545194,"Y",1
"487","0",9,0,0,391.55,456.73,0.386666670441628,"Y",3
"488","0",3,44.8,44.8,563.96,335.92,-0.289999994138877,"Y",2
"489","0",5,0,0,554.56,378.83,0.426666696866353,"Y",4
"490","0",3,41.5,41.5,601.46,339.51,-0.81333331267039,"Y",3
"491","0",15,49.31,49.31,583.61,365.08,0.739999989668528,"Y",1
"492","1",3,76.14,76.14,561.73,343.53,-0.989999969800313,"Y",3
"493","0",12,6.64,25.51,611.5,336.44,0.460000015795231,"Y",2
"494","0",3,0,0,589.38,356.32,-0.726666659116745,"N",3
"495","1",25,22.02,22.02,525.45,381.02,-0.763333345452944,"Y",1
"496","0",3,21.64,21.64,554.71,357.09,-0.966666678587596,"Y",3
"497","1",27,30.19,30.19,462.89,378.76,0.389999990661939,"Y",4
"498","0",7,0,8.18,391.05,697.85,-0.346666663885117,"Y",2
"499","0",28,56.51,83.98,321.58,603.52,0.0133333206176758,"N",3
"500","1",2,18.63,149.02,367.01,780.46,0.853333346545696,"Y",1
"501","1",2,44.09,89.39,267.75,947.93,0.323333320518335,"Y",2
"502","0",9,58.51,58.51,415.74,708.24,1.0333333214124,"Y",2
"503","0",2,20.57,20.57,513.83,707.12,0.386666675408681,"Y",2
"504","0",20,0,0,498.64,592.56,-0.579999983310699,"Y",3
"505","0",7,0.4,0.4,373.53,807.71,-0.309999982515971,"Y",1
"507","0",7,0,28.26,570.58,512.34,-0.413333316644033,"Y",2
"508","0",2,0,0,467.45,531.89,0.586666675905387,"Y",2
"509","0",8,0,0,418.1,964.66,-0.350000003973643,"Y",3
"510","0",8,6.9,10.89,353.69,646.94,-0.313333327571551,"Y",4
"511","0",3,117.89,132.48,241.18,987.58,0.526666680971781,"Y",3
"512","1",21,78.01,78.01,492.37,794.3,-0.6099999944369,"Y",2
"513","0",3,21.17,40.67,373.43,880.21,0.883333310484886,"Y",3
"514","0",8,49.76,49.76,389.99,734.52,-0.293333311875661,"Y",1
"515","0",8,0,0,427.44,504.15,-0.206666673223178,"Y",4
"516","0",12,40.64,40.64,454.14,652.48,0.226666649182638,"Y",2
"517","0",8,0,0,516.73,514.9,-0.356666655590137,"Y",4
"518","0",3,32.52,62.7,486.63,777.25,0.3900000055631,"Y",3
"519","0",3,35.21,39.25,403.93,579.27,0.57000000650684,"Y",2
"520","0",3,8.57,8.57,512.39,484.42,0.489999997119109,"Y",4
"521","1",13,24.37,28.02,795.09,488.08,0.869999984900157,"Y",2
"522","1",20,113.58,113.58,607.67,623.33,-0.273333330949148,"Y",2
"523","0",4,9.83,27.44,411.83,667.22,0.0366666677097479,"Y",1
"524","0",6,35.51,36.73,751.21,414.14,0.299999992052714,"Y",1
"525","0",11,30.09,123.07,626.01,750.32,-0.0233333210150401,"Y",3
"526","1",18,100.81,111.21,489.25,730.26,-0.266666665673256,"Y",1
"527","1",13,16.49,30.52,723.51,506.67,0.820000012715658,"Y",4
"528","0",4,0,0,506.88,703.98,-0.0500000007450581,"Y",4
"529","1",7,2.1,78.67,712.07,563.64,0.386666670441628,"Y",2
"530","0",4,22.73,82.82,443.54,655.76,-0.0200000032782555,"Y",2
"531","0",4,0,45.19,429.85,708.02,0.120000004768372,"Y",2
"533","0",7,0,162.82,748.54,620.25,0.396666668355465,"Y",1
"534","0",4,60.38,107.83,557.17,567.87,-0.0699999978144964,"Y",2
"535","0",9,75.04,75.04,546,515.74,0.469999998807907,"Y",3
"536","0",19,0,4.19,609.78,428.3,-1.27666666110357,"Y",4
"537","0",15,30.42,64.62,605.71,458.87,1.15000001589457,"Y",2
"538","0",5,129.12,133.84,520.38,636.29,0.496666659911474,"Y",2
"539","0",3,21.07,21.07,562.27,571.17,-0.706666668256124,"Y",3
"540","0",17,61.16,65.02,613.51,487,-0.123333354791005,"Y",2
"541","0",3,17.24,45.78,795.2,452.82,-0.796666671832403,"Y",1
"542","0",8,8.72,8.72,595.85,515.58,-0.0933333237965902,"Y",2
"543","0",1,56.06,91.16,583.71,646.07,-0.796666661898295,"Y",1
"544","0",1,38.11,110.67,503.6,721.61,-0.800000001986822,"Y",2
"545","1",1,80.95,104.13,421.68,793.33,-0.766666680574417,"Y",1
"546","0",1,97.9,111.12,712.9,489.82,-0.80333333214124,"Y",2
"547","0",1,0,0,345.02,873.16,-0.610000019272169,"Y",3
"548","0",1,26.66,44.78,449.6,725.9,-0.623333320021629,"Y",1
"549","0",1,80.95,109.21,538.18,604.31,-0.680000007152557,"Y",2
"550","0",1,0,5.29,433.77,772.43,-0.636666665474574,"Y",1
"551","0",1,56.3,77.48,583.13,533.3,-0.72666667898496,"Y",1
"552","0",1,54.57,77.92,744.65,474.95,-0.796666651964188,"Y",1
"553","0",1,61.3,68.02,830.76,450.08,-0.796666671832403,"Y",2
"554","0",1,37.44,37.44,496.96,628.44,-0.663333356380463,"Y",2
"555","0",1,75.03,112.84,589.96,576.78,-0.683333327372869,"Y",1
"556","0",1,30.31,94.99,646.66,604.79,-0.759999990463257,"Y",2
"557","0",1,23.45,26.47,643.03,615.12,-0.763333310683568,"Y",1
"558","0",1,77.98,111.65,547.74,645.43,-0.699999988079071,"Y",2
"560","0",1,2.48,124.7,386.8,714.23,-0.676666657129923,"Y",2
"561","0",11,60.8,137.23,492.66,808.85,0.726666649182638,"N",1
